{
  "combo_id": 4,
  "device_id": 1,
  "m": 3,
  "l": 0.038400000000000004,
  "beta_pe": 0.5,
  "abs_delta_alpha_e_over_p": 5.0,
  "f": 10.0,
  "n_total": 1000,
  "n_ok": 1000,
  "n_right_passes": 996,
  "n_left_passes": 4,
  "n_max_steps": 0,
  "passage_fraction": 1.0,
  "T1": 1.5112152624000001,
  "T2": 4.077357915065855,
  "mu": 0.06617190977888047,
  "D_eff": 0.2598443632603852,
  "dt": 4e-7,
  "sigma": 0.008,
  "epsilon": 2.0,
  "seed": 1
}
