{
  "combo_id": 10,
  "device_id": 1,
  "m": 3,
  "l": 0.038400000000000004,
  "beta_pe": 1.0,
  "abs_delta_alpha_e_over_p": 5.0,
  "f": 10.0,
  "n_total": 1000,
  "n_ok": 1000,
  "n_right_passes": 997,
  "n_left_passes": 3,
  "n_max_steps": 0,
  "passage_fraction": 1.0,
  "T1": 1.2322876800000002,
  "T2": 2.7195092692815894,
  "mu": 0.08114988214440315,
  "D_eff": 0.3208988327028758,
  "dt": 4e-7,
  "sigma": 0.008,
  "epsilon": 2.0,
  "seed": 1
}
