{
  "combo_id": 14,
  "device_id": 1,
  "m": 3,
  "l": 0.038400000000000004,
  "beta_pe": 2.0,
  "abs_delta_alpha_e_over_p": 2.0,
  "f": 10.0,
  "n_total": 1000,
  "n_ok": 1000,
  "n_right_passes": 998,
  "n_left_passes": 2,
  "n_max_steps": 0,
  "passage_fraction": 1.0,
  "T1": 1.5926465819999993,
  "T2": 4.446936964465788,
  "mu": 0.06278856912148263,
  "D_eff": 0.23644994423606114,
  "dt": 4e-7,
  "sigma": 0.008,
  "epsilon": 2.0,
  "seed": 1
}
