{
  "combo_id": 40,
  "device_id": 2,
  "m": 6,
  "l": 0.07680000000000001,
  "beta_pe": 2.0,
  "abs_delta_alpha_e_over_p": 5.0,
  "f": 10.0,
  "n_total": 1000,
  "n_ok": 1000,
  "n_right_passes": 996,
  "n_left_passes": 4,
  "n_max_steps": 0,
  "passage_fraction": 1.0,
  "T1": 2.0360803096000004,
  "T2": 7.417549883369476,
  "mu": 0.049113976265329914,
  "D_eff": 0.19381566643499104,
  "dt": 4e-7,
  "sigma": 0.008,
  "epsilon": 2.0,
  "seed": 1
}
