{
  "combo_id": 21,
  "device_id": 0,
  "m": 3,
  "l": 0.038400000000000004,
  "beta_pe": 3.0,
  "abs_delta_alpha_e_over_p": 3.0,
  "f": 10.0,
  "n_total": 1000,
  "n_ok": 1000,
  "n_right_passes": 998,
  "n_left_passes": 2,
  "n_max_steps": 0,
  "passage_fraction": 1.0,
  "T1": 1.293214048400001,
  "T2": 2.9823759959735088,
  "mu": 0.07732671952003821,
  "D_eff": 0.30284558520607013,
  "dt": 4e-7,
  "sigma": 0.008,
  "epsilon": 2.0,
  "seed": 1
}
