{
  "combo_id": 47,
  "device_id": 2,
  "m": 6,
  "l": 0.07680000000000001,
  "beta_pe": 3.0,
  "abs_delta_alpha_e_over_p": 10.0,
  "f": 10.0,
  "n_total": 1000,
  "n_ok": 1000,
  "n_right_passes": 996,
  "n_left_passes": 4,
  "n_max_steps": 0,
  "passage_fraction": 1.0,
  "T1": 1.792510366399998,
  "T2": 5.723761033935484,
  "mu": 0.055787682947036885,
  "D_eff": 0.2179586945569437,
  "dt": 4e-7,
  "sigma": 0.008,
  "epsilon": 2.0,
  "seed": 1
}
