{
  "combo_id": 29,
  "device_id": 0,
  "m": 6,
  "l": 0.07680000000000001,
  "beta_pe": 0.5,
  "abs_delta_alpha_e_over_p": 10.0,
  "f": 10.0,
  "n_total": 1000,
  "n_ok": 1000,
  "n_right_passes": 996,
  "n_left_passes": 4,
  "n_max_steps": 0,
  "passage_fraction": 1.0,
  "T1": 2.1563609560000003,
  "T2": 8.361205376865362,
  "mu": 0.046374425265748496,
  "D_eff": 0.18506878986476916,
  "dt": 4e-7,
  "sigma": 0.008,
  "epsilon": 2.0,
  "seed": 1
}
