{
  "combo_id": 28,
  "device_id": 0,
  "m": 6,
  "l": 0.07680000000000001,
  "beta_pe": 0.5,
  "abs_delta_alpha_e_over_p": 5.0,
  "f": 10.0,
  "n_total": 1000,
  "n_ok": 1000,
  "n_right_passes": 999,
  "n_left_passes": 1,
  "n_max_steps": 0,
  "passage_fraction": 1.0,
  "T1": 2.7030119643999995,
  "T2": 13.15403724879074,
  "mu": 0.03699576669176804,
  "D_eff": 0.14805255466441916,
  "dt": 4e-7,
  "sigma": 0.008,
  "epsilon": 2.0,
  "seed": 1
}
