{
  "combo_id": 22,
  "device_id": 0,
  "m": 3,
  "l": 0.038400000000000004,
  "beta_pe": 3.0,
  "abs_delta_alpha_e_over_p": 5.0,
  "f": 10.0,
  "n_total": 1000,
  "n_ok": 1000,
  "n_right_passes": 997,
  "n_left_passes": 3,
  "n_max_steps": 0,
  "passage_fraction": 1.0,
  "T1": 1.0826325763999984,
  "T2": 2.053084936674239,
  "mu": 0.09236744042242193,
  "D_eff": 0.34713509259060893,
  "dt": 4e-7,
  "sigma": 0.008,
  "epsilon": 2.0,
  "seed": 1
}
