{
  "combo_id": 25,
  "device_id": 0,
  "m": 6,
  "l": 0.07680000000000001,
  "beta_pe": 0.5,
  "abs_delta_alpha_e_over_p": 1.0,
  "f": 10.0,
  "n_total": 1000,
  "n_ok": 1000,
  "n_right_passes": 993,
  "n_left_passes": 7,
  "n_max_steps": 0,
  "passage_fraction": 1.0,
  "T1": 3.4870798363999977,
  "T2": 21.973372045156573,
  "mu": 0.028677290079838925,
  "D_eff": 0.11572168052854083,
  "dt": 4e-7,
  "sigma": 0.008,
  "epsilon": 2.0,
  "seed": 1
}
