{
  "combo_id": 43,
  "device_id": 2,
  "m": 6,
  "l": 0.07680000000000001,
  "beta_pe": 3.0,
  "abs_delta_alpha_e_over_p": 1.0,
  "f": 10.0,
  "n_total": 1000,
  "n_ok": 1000,
  "n_right_passes": 991,
  "n_left_passes": 9,
  "n_max_steps": 0,
  "passage_fraction": 1.0,
  "T1": 4.706183443200006,
  "T2": 42.58076527817618,
  "mu": 0.021248640476284587,
  "D_eff": 0.0980137802176978,
  "dt": 4e-7,
  "sigma": 0.008,
  "epsilon": 2.0,
  "seed": 1
}
