{
  "combo_id": 0,
  "device_id": 1,
  "m": 3,
  "l": 0.038400000000000004,
  "beta_pe": 0.5,
  "abs_delta_alpha_e_over_p": 0.3333333333333333,
  "f": 10.0,
  "n_total": 1000,
  "n_ok": 1000,
  "n_right_passes": 997,
  "n_left_passes": 3,
  "n_max_steps": 0,
  "passage_fraction": 1.0,
  "T1": 1.9291621551999987,
  "T2": 6.825495823440758,
  "mu": 0.051835974353142376,
  "D_eff": 0.21615317452280058,
  "dt": 4e-7,
  "sigma": 0.008,
  "epsilon": 2.0,
  "seed": 1
}
