{
  "combo_id": 39,
  "device_id": 2,
  "m": 6,
  "l": 0.07680000000000001,
  "beta_pe": 2.0,
  "abs_delta_alpha_e_over_p": 3.0,
  "f": 10.0,
  "n_total": 1000,
  "n_ok": 1000,
  "n_right_passes": 997,
  "n_left_passes": 3,
  "n_max_steps": 0,
  "passage_fraction": 1.0,
  "T1": 2.3248914704000017,
  "T2": 10.406218398165544,
  "mu": 0.0430127604979319,
  "D_eff": 0.19898819888787983,
  "dt": 4e-7,
  "sigma": 0.008,
  "epsilon": 2.0,
  "seed": 1
}
