{
  "combo_id": 27,
  "device_id": 0,
  "m": 6,
  "l": 0.07680000000000001,
  "beta_pe": 0.5,
  "abs_delta_alpha_e_over_p": 3.0,
  "f": 10.0,
  "n_total": 1000,
  "n_ok": 1000,
  "n_right_passes": 996,
  "n_left_passes": 4,
  "n_max_steps": 0,
  "passage_fraction": 1.0,
  "T1": 3.0134019235999983,
  "T2": 17.380137999182793,
  "mu": 0.033185085340535575,
  "D_eff": 0.15165376665892358,
  "dt": 4e-7,
  "sigma": 0.008,
  "epsilon": 2.0,
  "seed": 1
}
