{
  "combo_id": 1,
  "device_id": 1,
  "m": 3,
  "l": 0.038400000000000004,
  "beta_pe": 0.5,
  "abs_delta_alpha_e_over_p": 1.0,
  "f": 10.0,
  "n_total": 1000,
  "n_ok": 1000,
  "n_right_passes": 995,
  "n_left_passes": 5,
  "n_max_steps": 0,
  "passage_fraction": 1.0,
  "T1": 1.8604124199999994,
  "T2": 6.279157606706049,
  "mu": 0.053751522471560384,
  "D_eff": 0.21881993430140376,
  "dt": 4e-7,
  "sigma": 0.008,
  "epsilon": 2.0,
  "seed": 1
}
