{
  "combo_id": 7,
  "device_id": 1,
  "m": 3,
  "l": 0.038400000000000004,
  "beta_pe": 1.0,
  "abs_delta_alpha_e_over_p": 1.0,
  "f": 10.0,
  "n_total": 1000,
  "n_ok": 1000,
  "n_right_passes": 998,
  "n_left_passes": 2,
  "n_max_steps": 0,
  "passage_fraction": 1.0,
  "T1": 1.8599909316000012,
  "T2": 6.484567632007347,
  "mu": 0.05376370298428176,
  "D_eff": 0.23505153898087627,
  "dt": 4e-7,
  "sigma": 0.008,
  "epsilon": 2.0,
  "seed": 1
}
