{
  "combo_id": 8,
  "device_id": 1,
  "m": 3,
  "l": 0.038400000000000004,
  "beta_pe": 1.0,
  "abs_delta_alpha_e_over_p": 2.0,
  "f": 10.0,
  "n_total": 1000,
  "n_ok": 1000,
  "n_right_passes": 1000,
  "n_left_passes": 0,
  "n_max_steps": 0,
  "passage_fraction": 1.0,
  "T1": 1.5203093339999998,
  "T2": 4.150173508713412,
  "mu": 0.06577608764454249,
  "D_eff": 0.2616473958818701,
  "dt": 4e-7,
  "sigma": 0.008,
  "epsilon": 2.0,
  "seed": 1
}
