{
  "combo_id": 36,
  "device_id": 2,
  "m": 6,
  "l": 0.07680000000000001,
  "beta_pe": 2.0,
  "abs_delta_alpha_e_over_p": 0.3333333333333333,
  "f": 10.0,
  "n_total": 1000,
  "n_ok": 1000,
  "n_right_passes": 995,
  "n_left_passes": 5,
  "n_max_steps": 0,
  "passage_fraction": 1.0,
  "T1": 5.419176259200005,
  "T2": 54.43793168616083,
  "mu": 0.01845298901843844,
  "D_eff": 0.07876485593531189,
  "dt": 4e-7,
  "sigma": 0.008,
  "epsilon": 2.0,
  "seed": 1
}
