{
  "combo_id": 13,
  "device_id": 1,
  "m": 3,
  "l": 0.038400000000000004,
  "beta_pe": 2.0,
  "abs_delta_alpha_e_over_p": 1.0,
  "f": 10.0,
  "n_total": 1000,
  "n_ok": 1000,
  "n_right_passes": 997,
  "n_left_passes": 3,
  "n_max_steps": 0,
  "passage_fraction": 1.0,
  "T1": 2.0529448092000018,
  "T2": 7.8364242267116015,
  "mu": 0.04871051552475408,
  "D_eff": 0.20929924571915834,
  "dt": 4e-7,
  "sigma": 0.008,
  "epsilon": 2.0,
  "seed": 1
}
