{
  "combo_id": 12,
  "device_id": 1,
  "m": 3,
  "l": 0.038400000000000004,
  "beta_pe": 2.0,
  "abs_delta_alpha_e_over_p": 0.3333333333333333,
  "f": 10.0,
  "n_total": 1000,
  "n_ok": 1000,
  "n_right_passes": 998,
  "n_left_passes": 2,
  "n_max_steps": 0,
  "passage_fraction": 1.0,
  "T1": 2.5345685035999965,
  "T2": 12.108441677576527,
  "mu": 0.039454447515608324,
  "D_eff": 0.17455924434069633,
  "dt": 4e-7,
  "sigma": 0.008,
  "epsilon": 2.0,
  "seed": 1
}
