{
  "combo_id": 18,
  "device_id": 0,
  "m": 3,
  "l": 0.038400000000000004,
  "beta_pe": 3.0,
  "abs_delta_alpha_e_over_p": 0.3333333333333333,
  "f": 10.0,
  "n_total": 1000,
  "n_ok": 1000,
  "n_right_passes": 995,
  "n_left_passes": 5,
  "n_max_steps": 0,
  "passage_fraction": 1.0,
  "T1": 3.433862903599998,
  "T2": 22.69589544242395,
  "mu": 0.02912172174816935,
  "D_eff": 0.13465613609643393,
  "dt": 4e-7,
  "sigma": 0.008,
  "epsilon": 2.0,
  "seed": 1
}
