{
  "combo_id": 33,
  "device_id": 2,
  "m": 6,
  "l": 0.07680000000000001,
  "beta_pe": 1.0,
  "abs_delta_alpha_e_over_p": 3.0,
  "f": 10.0,
  "n_total": 1000,
  "n_ok": 1000,
  "n_right_passes": 998,
  "n_left_passes": 2,
  "n_max_steps": 0,
  "passage_fraction": 1.0,
  "T1": 2.809019009199999,
  "T2": 13.92553437769842,
  "mu": 0.0355996166891301,
  "D_eff": 0.13613801070653775,
  "dt": 4e-7,
  "sigma": 0.008,
  "epsilon": 2.0,
  "seed": 1
}
