{
  "combo_id": 31,
  "device_id": 0,
  "m": 6,
  "l": 0.07680000000000001,
  "beta_pe": 1.0,
  "abs_delta_alpha_e_over_p": 1.0,
  "f": 10.0,
  "n_total": 1000,
  "n_ok": 1000,
  "n_right_passes": 995,
  "n_left_passes": 5,
  "n_max_steps": 0,
  "passage_fraction": 1.0,
  "T1": 3.788068546399999,
  "T2": 26.55865064669632,
  "mu": 0.026398677525261594,
  "D_eff": 0.1123060815151282,
  "dt": 4e-7,
  "sigma": 0.008,
  "epsilon": 2.0,
  "seed": 1
}
