{
  "combo_id": 46,
  "device_id": 2,
  "m": 6,
  "l": 0.07680000000000001,
  "beta_pe": 3.0,
  "abs_delta_alpha_e_over_p": 5.0,
  "f": 10.0,
  "n_total": 1000,
  "n_ok": 1000,
  "n_right_passes": 995,
  "n_left_passes": 5,
  "n_max_steps": 0,
  "passage_fraction": 1.0,
  "T1": 1.9125972452000009,
  "T2": 6.459373592670757,
  "mu": 0.05228492315931521,
  "D_eff": 0.20020092591869168,
  "dt": 4e-7,
  "sigma": 0.008,
  "epsilon": 2.0,
  "seed": 1
}
